Model_Name,m,k,future_k,Best_Validation_Loss,Best_Validation_Acc,Best_Test_Loss,Best_Test_Acc,Early_Stop_Patience,down_sampling,Switch_Eochs,learning_rate_initial,learning_rate_final,SMA,BOLL,MACD,RSI
results\BTCJPY\HybridTechnicalModel\m1_k360_f120_20250428-162513,1,360,120,0.690526,0.534034,0.689024,0.540785,25,100,200,0.001,1e-05,"20, 60, 120","20, 2.0","12, 26, 9",14
results\BTCJPY\HybridTechnicalModel\m1_k180_f60_20250428-182725,1,180,60,0.693178,0.496954,0.692920,0.501222,25,100,200,0.001,1e-05,"20, 60, 120","20, 2.0","12, 26, 9",14
results\BTCJPY\HybridTechnicalModel\m1_k180_f60_20250428-182748,1,180,60,0.692941,0.496954,0.692603,0.503853,25,100,200,0.001,1e-05,"20, 60, 120","20, 2.0","12, 26, 9",14
results\BTCJPY\HybridTechnicalModel\m1_k180_f60_20250428-182812,1,180,60,0.692774,0.505261,0.692144,0.508551,25,100,200,0.001,1e-05,"20, 60, 120","20, 2.0","12, 26, 9",14
results\BTCJPY\HybridTechnicalModel\m1_k180_f60_20250428-184322,1,180,60,0.690500,0.528119,0.690062,0.531537,25,20,200,0.001,1e-05,"20, 60, 120","20, 2.0","12, 26, 9",14
results\BTCJPY\HybridTechnicalModel\m1_k180_f60_20250428-184554,1,180,60,0.689136,0.537831,0.689186,0.538415,25,20,200,0.001,1e-05,"20, 60, 120","20, 2.0","12, 26, 9",14
results\BTCJPY\HybridTechnicalModel\m1_k180_f60_20250428-184757,1,180,60,0.689412,0.535025,0.689229,0.538791,25,20,200,0.001,1e-05,"20, 60, 120","20, 2.0","12, 26, 9",14
results\BTCJPY\HybridTechnicalModel\m1_k180_f60_20250428-184934,1,180,60,0.690079,0.531627,0.689554,0.536047,25,20,200,0.001,1e-05,"20, 60, 120","20, 2.0","12, 26, 9",14
results\BTCJPY\HybridTechnicalModel\m1_k180_f60_20250428-185630,1,180,60,0.689925,0.535320,0.690417,0.530071,25,20,200,0.001,1e-05,"20, 60, 120","20, 2.0","12, 26, 9",14
results\BTCJPY\HybridTechnicalModel\m1_k180_f60_20250428-185832,1,180,60,0.689528,0.537831,0.689955,0.535634,25,20,200,0.001,1e-05,"20, 60, 120","20, 2.0","12, 26, 9",14
results\BTCJPY\HybridTechnicalModel\m1_k180_f60_20250428-190023,1,180,60,0.690139,0.530409,0.690662,0.528417,25,20,200,0.001,1e-05,"20, 60, 120","20, 2.0","12, 26, 9",14
results\BTCJPY\HybridTechnicalModel\m1_k180_f60_20250428-190238,1,180,60,0.690812,0.533141,0.691455,0.530146,25,20,200,0.001,1e-05,"20, 60, 120","20, 2.0","12, 26, 9",14
results\BTCJPY\HybridTechnicalModel\m1_k180_f60_20250428-190421,1,180,60,0.690249,0.534508,0.690624,0.530409,25,20,200,0.001,1e-05,"20, 60, 120","20, 2.0","12, 26, 9",14
results\BTCJPY\HybridTechnicalModel\m1_k180_f60_20250428-190622,1,180,60,0.690141,0.535874,0.691846,0.530822,25,20,200,0.001,1e-05,"20, 60, 120","20, 2.0","12, 26, 9",14
results\BTCJPY\HybridTechnicalModel\m1_k180_f60_20250428-190841,1,180,60,0.690279,0.532551,0.691762,0.525786,25,20,200,0.001,1e-05,"20, 60, 120","20, 2.0","12, 26, 9",14
results\BTCJPY\HybridTechnicalModel\m1_k180_f60_20250428-191028,1,180,60,0.690075,0.536206,0.691511,0.530973,25,20,200,0.001,1e-05,"20, 60, 120","20, 2.0","12, 26, 9",14
results\BTCJPY\HybridTechnicalModel\m1_k180_f60_20250428-191208,1,180,60,0.690554,0.530963,0.691791,0.525598,25,20,200,0.001,1e-05,"20, 60, 120","20, 2.0","12, 26, 9",14
results\BTCJPY\HybridTechnicalModel\m1_k180_f60_20250428-191402,1,180,60,0.690808,0.534914,0.693420,0.526913,25,20,200,0.001,1e-05,"20, 60, 120","20, 2.0","12, 26, 9",14
results\BTCJPY\HybridTechnicalModel\m1_k180_f60_20250428-191601,1,180,60,0.691019,0.531886,0.691805,0.528830,25,20,200,0.001,1e-05,"20, 60, 120","20, 2.0","12, 26, 9",14
results\BTCJPY\HybridTechnicalModel\m1_k180_f60_20250428-191744,1,180,60,0.690808,0.531701,0.691761,0.529319,25,20,200,0.001,1e-05,"20, 60, 120","20, 2.0","12, 26, 9",14
results\BTCJPY\HybridTechnicalModel\m1_k180_f60_20250428-191946,1,180,60,0.690765,0.531627,0.691207,0.528755,25,20,200,0.001,1e-05,"20, 60, 120","20, 2.0","12, 26, 9",14
results\BTCJPY\HybridTechnicalModel\m1_k180_f60_20250428-192130,1,180,60,0.691737,0.533031,0.694294,0.526161,25,20,200,0.001,1e-05,"20, 60, 120","20, 2.0","12, 26, 9",14
results\BTCJPY\HybridTechnicalModel\m1_k180_f60_20250428-192321,1,180,60,0.691269,0.531701,0.691784,0.531461,25,20,200,0.001,1e-05,"20, 60, 120","20, 2.0","12, 26, 9",14
results\BTCJPY\HybridTechnicalModel\m1_k180_f60_20250428-192504,1,180,60,0.691976,0.529892,0.693098,0.526011,25,20,200,0.001,1e-05,"20, 60, 120","20, 2.0","12, 26, 9",14
results\BTCJPY\HybridTechnicalModel\m1_k180_f60_20250428-192650,1,180,60,0.692234,0.531147,0.694216,0.526237,25,20,200,0.001,1e-05,"20, 60, 120","20, 2.0","12, 26, 9",14
results\BTCJPY\HybridTechnicalModel\m1_k180_f60_20250428-192830,1,180,60,0.691694,0.530593,0.693309,0.523380,25,20,200,0.001,1e-05,"20, 60, 120","20, 2.0","12, 26, 9",14
results\BTCJPY\HybridTechnicalModel\m1_k180_f60_20250428-193013,1,180,60,0.690387,0.535800,0.692088,0.529319,25,20,200,0.001,1e-05,"20, 60, 120","20, 2.0","12, 26, 9",14
results\BTCJPY\HybridTechnicalModel\m1_k180_f60_20250428-193157,1,180,60,0.691422,0.532292,0.692783,0.529507,25,20,200,0.001,1e-05,"20, 60, 120","20, 2.0","12, 26, 9",14
results\BTCJPY\HybridTechnicalModel\m1_k180_f60_20250428-193351,1,180,60,0.692304,0.532477,0.693703,0.528793,25,20,200,0.001,1e-05,"20, 60, 120","20, 2.0","12, 26, 9",14
results\BTCJPY\HybridTechnicalModel\m1_k180_f60_20250428-193529,1,180,60,0.691299,0.532144,0.691650,0.531574,25,20,200,0.001,1e-05,"20, 60, 120","20, 2.0","12, 26, 9",14
results\BTCJPY\HybridTechnicalModel\m1_k180_f60_20250428-193723,1,180,60,0.691621,0.533658,0.693413,0.526500,25,20,200,0.001,1e-05,"20, 60, 120","20, 2.0","12, 26, 9",14
results\BTCJPY\HybridTechnicalModel\m1_k180_f60_20250428-193913,1,180,60,0.692332,0.530003,0.693974,0.522064,25,20,200,0.001,1e-05,"20, 60, 120","20, 2.0","12, 26, 9",14
results/BTCJPY/HybridTechnicalModel/weights/m1_k360_f120_20250428-080420,1,360,120,0.689611,0.538572,0.689273,0.541692,25,20,200,0.001,1e-05,"20, 60, 120","20, 2.0","12, 26, 9",14
results/BTCJPY/HybridTechnicalModel/weights/m1_k360_f120_20250428-080817,1,360,120,0.689008,0.539974,0.688461,0.543051,25,20,200,0.001,1e-05,"20, 60, 120","20, 2.0","12, 26, 9",14
results/BTCJPY/HybridTechnicalModel/weights/m1_k360_f120_20250428-080841,1,360,120,0.689746,0.535326,0.688044,0.555249,25,20,200,0.001,1e-05,"20, 60, 120","20, 2.0","12, 26, 9",14
results/BTCJPY/HybridTechnicalModel/weights/m1_k360_f120_20250428-081124,1,360,120,0.689164,0.539937,0.688281,0.549320,25,20,200,0.001,1e-05,"20, 60, 120","20, 2.0","12, 26, 9",14
results/BTCJPY/HybridTechnicalModel/weights/m1_k360_f120_20250428-081619,1,360,120,0.689262,0.536359,0.688332,0.540446,25,20,200,0.001,1e-05,"20, 60, 120","20, 2.0","12, 26, 9",14
results/BTCJPY/HybridTechnicalModel/weights/m1_k360_f120_20250428-082001,1,360,120,0.689131,0.539679,0.688376,0.538331,25,20,200,0.001,1e-05,"20, 60, 120","20, 2.0","12, 26, 9",14
results/BTCJPY/HybridTechnicalModel/weights/m1_k360_f120_20250428-082043,1,360,120,0.689262,0.534034,0.689411,0.540521,25,20,200,0.001,1e-05,"20, 60, 120","20, 2.0","12, 26, 9",14
results/BTCJPY/HybridTechnicalModel/weights/m1_k360_f120_20250428-082406,1,360,120,0.689210,0.536728,0.689106,0.535083,25,20,200,0.001,1e-05,"20, 60, 120","20, 2.0","12, 26, 9",14
results/BTCJPY/HybridTechnicalModel/weights/m1_k360_f120_20250428-082450,1,360,120,0.689470,0.533001,0.689271,0.540974,25,20,200,0.001,1e-05,"20, 60, 120","20, 2.0","12, 26, 9",14
results/BTCJPY/HybridTechnicalModel/weights/m1_k360_f120_20250428-082714,1,360,120,0.689026,0.535510,0.688947,0.535385,25,20,200,0.001,1e-05,"20, 60, 120","20, 2.0","12, 26, 9",14
results/BTCJPY/HybridTechnicalModel/weights/m1_k360_f120_20250428-083023,1,360,120,0.690438,0.533223,0.691382,0.535159,25,20,200,0.001,1e-05,"20, 60, 120","20, 2.0","12, 26, 9",14
results/BTCJPY/HybridTechnicalModel/weights/m1_k360_f120_20250428-083239,1,360,120,0.689854,0.536063,0.689475,0.535083,25,20,200,0.001,1e-05,"20, 60, 120","20, 2.0","12, 26, 9",14
results/BTCJPY/HybridTechnicalModel/weights/m1_k360_f120_20250428-083346,1,360,120,0.690079,0.538609,0.690955,0.541805,25,20,200,0.001,1e-05,"20, 60, 120","20, 2.0","12, 26, 9",14
results/BTCJPY/HybridTechnicalModel/weights/m1_k360_f120_20250428-083555,1,360,120,0.690125,0.541524,0.690030,0.538482,25,20,200,0.001,1e-05,"20, 60, 120","20, 2.0","12, 26, 9",14
results/BTCJPY/HybridTechnicalModel/weights/m1_k360_f120_20250428-083858,1,360,120,0.690432,0.534440,0.691785,0.533950,25,20,200,0.001,1e-05,"20, 60, 120","20, 2.0","12, 26, 9",14
results/BTCJPY/HybridTechnicalModel/weights/m1_k360_f120_20250428-084001,1,360,120,0.689844,0.537908,0.689314,0.539841,25,20,200,0.001,1e-05,"20, 60, 120","20, 2.0","12, 26, 9",14
results/BTCJPY/HybridTechnicalModel/weights/m1_k360_f120_20250428-084312,1,360,120,0.691073,0.532522,0.693162,0.526775,25,20,200,0.001,1e-05,"20, 60, 120","20, 2.0","12, 26, 9",14
results/BTCJPY/HybridTechnicalModel/weights/m1_k360_f120_20250428-084414,1,360,120,0.690025,0.537355,0.689506,0.540785,25,20,200,0.001,1e-05,"20, 60, 120","20, 2.0","12, 26, 9",14
results/BTCJPY/HybridTechnicalModel/weights/m1_k360_f120_20250428-084749,1,360,120,0.689587,0.537428,0.689447,0.537953,25,20,200,0.001,1e-05,"20, 60, 120","20, 2.0","12, 26, 9",14
results/BTCJPY/HybridTechnicalModel/weights/m1_k360_f120_20250428-084917,1,360,120,0.692288,0.528685,0.694404,0.526133,25,20,200,0.001,1e-05,"20, 60, 120","20, 2.0","12, 26, 9",14
results/BTCJPY/HybridTechnicalModel/weights/m1_k360_f120_20250428-085119,1,360,120,0.689826,0.539900,0.689735,0.535536,25,20,200,0.001,1e-05,"20, 60, 120","20, 2.0","12, 26, 9",14
results/BTCJPY/HybridTechnicalModel/weights/m1_k360_f120_20250428-085316,1,360,120,0.691951,0.527947,0.693364,0.529154,25,20,200,0.001,1e-05,"20, 60, 120","20, 2.0","12, 26, 9",14
results/BTCJPY/HybridTechnicalModel/weights/m1_k360_f120_20250428-085428,1,360,120,0.690491,0.537281,0.690538,0.538520,25,20,200,0.001,1e-05,"20, 60, 120","20, 2.0","12, 26, 9",14
results/BTCJPY/HybridTechnicalModel/weights/m1_k360_f120_20250428-085755,1,360,120,0.689937,0.542114,0.690044,0.539879,25,20,200,0.001,1e-05,"20, 60, 120","20, 2.0","12, 26, 9",14
results/BTCJPY/HybridTechnicalModel/weights/m1_k360_f120_20250428-085845,1,360,120,0.692932,0.532300,0.696598,0.528134,25,20,200,0.001,1e-05,"20, 60, 120","20, 2.0","12, 26, 9",14
results/BTCJPY/HybridTechnicalModel/weights/m1_k360_f120_20250428-090124,1,360,120,0.690326,0.538314,0.690098,0.538633,25,20,200,0.001,1e-05,"20, 60, 120","20, 2.0","12, 26, 9",14
results/BTCJPY/HybridTechnicalModel/weights/m1_k360_f120_20250428-090357,1,360,120,0.692546,0.533149,0.697533,0.522923,25,20,200,0.001,1e-05,"20, 60, 120","20, 2.0","12, 26, 9",14
results/BTCJPY/HybridTechnicalModel/weights/m1_k360_f120_20250428-090441,1,360,120,0.689805,0.538240,0.690808,0.534026,25,20,200,0.001,1e-05,"20, 60, 120","20, 2.0","12, 26, 9",14
results/BTCJPY/HybridTechnicalModel/weights/m1_k270_f90_20250428-091825,1,270,90,0.690371,0.532178,0.689849,0.537420,25,20,200,0.001,1e-05,"20, 60, 120","20, 2.0","12, 26, 9",14
results/BTCJPY/HybridTechnicalModel/weights/m1_k270_f90_20250428-092127,1,270,90,0.689735,0.534680,0.689376,0.538360,25,20,200,0.001,1e-05,"20, 60, 120","20, 2.0","12, 26, 9",14
results/BTCJPY/HybridTechnicalModel/weights/m1_k270_f90_20250428-092406,1,270,90,0.689779,0.535490,0.688310,0.541895,25,20,200,0.001,1e-05,"20, 60, 120","20, 2.0","12, 26, 9",14
results/BTCJPY/HybridTechnicalModel/weights/m1_k270_f90_20250428-092724,1,270,90,0.689464,0.536593,0.689130,0.542760,25,20,200,0.001,1e-05,"20, 60, 120","20, 2.0","12, 26, 9",14
results/BTCJPY/HybridTechnicalModel/weights/m1_k270_f90_20250428-093027,1,270,90,0.690028,0.534864,0.689581,0.537194,25,20,200,0.001,1e-05,"20, 60, 120","20, 2.0","12, 26, 9",14
results/BTCJPY/HybridTechnicalModel/weights/m1_k270_f90_20250428-093131,1,270,90,0.688567,0.542297,0.688827,0.543625,25,20,200,0.001,1e-05,"20, 60, 120","20, 2.0","12, 26, 9",14
results/BTCJPY/HybridTechnicalModel/weights/m1_k270_f90_20250428-093322,1,270,90,0.690094,0.534606,0.690057,0.535916,25,20,200,0.001,1e-05,"20, 60, 120","20, 2.0","12, 26, 9",14
results/BTCJPY/HybridTechnicalModel/weights/m1_k270_f90_20250428-093503,1,270,90,0.688129,0.541046,0.688024,0.547010,25,20,200,0.001,1e-05,"20, 60, 120","20, 2.0","12, 26, 9",14
results/BTCJPY/HybridTechnicalModel/weights/m1_k270_f90_20250428-093630,1,270,90,0.689861,0.535342,0.690677,0.533697,25,20,200,0.001,1e-05,"20, 60, 120","20, 2.0","12, 26, 9",14
results/BTCJPY/HybridTechnicalModel/weights/m1_k270_f90_20250428-093743,1,270,90,0.688210,0.544689,0.687158,0.549831,25,20,200,0.001,1e-05,"20, 60, 120","20, 2.0","12, 26, 9",14
results/BTCJPY/HybridTechnicalModel/weights/m1_k270_f90_20250428-094205,1,270,90,0.688196,0.540751,0.688678,0.541971,25,20,200,0.001,1e-05,"20, 60, 120","20, 2.0","12, 26, 9",14
results/BTCJPY/HybridTechnicalModel/weights/m1_k270_f90_20250428-094343,1,270,90,0.690318,0.530485,0.691014,0.530463,25,20,200,0.001,1e-05,"20, 60, 120","20, 2.0","12, 26, 9",14
results/BTCJPY/HybridTechnicalModel/weights/m1_k270_f90_20250428-094435,1,270,90,0.688324,0.539942,0.688543,0.543513,25,20,200,0.001,1e-05,"20, 60, 120","20, 2.0","12, 26, 9",14
results/BTCJPY/HybridTechnicalModel/weights/m1_k270_f90_20250428-094658,1,270,90,0.690616,0.533245,0.690972,0.530801,25,20,200,0.001,1e-05,"20, 60, 120","20, 2.0","12, 26, 9",14
results/BTCJPY/HybridTechnicalModel/weights/m1_k270_f90_20250428-094801,1,270,90,0.688168,0.542370,0.689192,0.540880,25,20,200,0.001,1e-05,"20, 60, 120","20, 2.0","12, 26, 9",14
results/BTCJPY/HybridTechnicalModel/weights/m1_k270_f90_20250428-095000,1,270,90,0.690622,0.535857,0.691497,0.532193,25,20,200,0.001,1e-05,"20, 60, 120","20, 2.0","12, 26, 9",14
results/BTCJPY/HybridTechnicalModel/weights/m1_k270_f90_20250428-095029,1,270,90,0.688143,0.542260,0.687872,0.547236,25,20,200,0.001,1e-05,"20, 60, 120","20, 2.0","12, 26, 9",14
results/BTCJPY/HybridTechnicalModel/weights/m1_k270_f90_20250428-095146,1,270,90,0.688335,0.540273,0.689112,0.540542,25,20,200,0.001,1e-05,"20, 60, 120","20, 2.0","12, 26, 9",14
results/BTCJPY/HybridTechnicalModel/weights/m1_k270_f90_20250428-095350,1,270,90,0.688240,0.539169,0.688772,0.544641,25,20,200,0.001,1e-05,"20, 60, 120","20, 2.0","12, 26, 9",14
results/BTCJPY/HybridTechnicalModel/weights/m1_k270_f90_20250428-095635,1,270,90,0.688320,0.539979,0.689641,0.539301,25,20,200,0.001,1e-05,"20, 60, 120","20, 2.0","12, 26, 9",14
results/BTCJPY/HybridTechnicalModel/weights/m1_k270_f90_20250428-095915,1,270,90,0.688446,0.539905,0.689587,0.540391,25,20,200,0.001,1e-05,"20, 60, 120","20, 2.0","12, 26, 9",14
results/BTCJPY/HybridTechnicalModel/weights/m1_k270_f90_20250428-100212,1,270,90,0.688648,0.538948,0.689562,0.540165,25,20,200,0.001,1e-05,"20, 60, 120","20, 2.0","12, 26, 9",14
results/BTCJPY/HybridTechnicalModel/weights/m1_k270_f90_20250428-100445,1,270,90,0.688577,0.540347,0.690171,0.538398,25,20,200,0.001,1e-05,"20, 60, 120","20, 2.0","12, 26, 9",14
results/BTCJPY/HybridTechnicalModel/weights/m1_k270_f90_20250428-100742,1,270,90,0.688738,0.538139,0.689771,0.543249,25,20,200,0.001,1e-05,"20, 60, 120","20, 2.0","12, 26, 9",14
results/BTCJPY/HybridTechnicalModel/weights/m1_k270_f90_20250428-101045,1,270,90,0.689301,0.536189,0.689899,0.539338,25,20,200,0.001,1e-05,"20, 60, 120","20, 2.0","12, 26, 9",14
results/BTCJPY/HybridTechnicalModel/weights/m1_k360_f120_20250428-101421,1,360,120,0.688454,0.540417,0.687781,0.548603,25,20,200,0.001,1e-05,"20, 60, 120","20, 2.0","12, 26, 9",14
results/BTCJPY/HybridTechnicalModel/weights/m1_k270_f90_20250428-101428,1,270,90,0.689068,0.539537,0.690565,0.539940,25,20,200,0.001,1e-05,"20, 60, 120","20, 2.0","12, 26, 9",14
results/BTCJPY/HybridTechnicalModel/weights/m1_k270_f90_20250428-101805,1,270,90,0.689252,0.539868,0.690913,0.537683,25,20,200,0.001,1e-05,"20, 60, 120","20, 2.0","12, 26, 9",14
results/BTCJPY/HybridTechnicalModel/weights/m1_k270_f90_20250428-102045,1,270,90,0.689222,0.536851,0.692218,0.534073,25,20,200,0.001,1e-05,"20, 60, 120","20, 2.0","12, 26, 9",14
results/BTCJPY/HybridTechnicalModel/weights/m1_k270_f90_20250428-102337,1,270,90,0.689610,0.541156,0.692435,0.534599,25,20,200,0.001,1e-05,"20, 60, 120","20, 2.0","12, 26, 9",14
results/BTCJPY/HybridTechnicalModel/weights/m1_k360_f120_20250428-102353,1,360,120,0.688357,0.539568,0.687550,0.549434,25,20,200,0.001,1e-05,"20, 60, 120","20, 2.0","12, 26, 9",14
results/BTCJPY/HybridTechnicalModel/weights/m1_k270_f90_20250428-102617,1,270,90,0.689182,0.536998,0.689866,0.541482,25,20,200,0.001,1e-05,"20, 60, 120","20, 2.0","12, 26, 9",14
results/BTCJPY/HybridTechnicalModel/weights/m1_k360_f120_20250428-102800,1,360,120,0.688283,0.542262,0.688141,0.545884,25,20,200,0.001,1e-05,"20, 60, 120","20, 2.0","12, 26, 9",14
results/BTCJPY/HybridTechnicalModel/weights/m1_k270_f90_20250428-103000,1,270,90,0.689602,0.535526,0.690474,0.537571,25,20,200,0.001,1e-05,"20, 60, 120","20, 2.0","12, 26, 9",14
results/BTCJPY/HybridTechnicalModel/weights/m1_k360_f120_20250428-103133,1,360,120,0.688051,0.544586,0.688330,0.545468,25,20,200,0.001,1e-05,"20, 60, 120","20, 2.0","12, 26, 9",14
results/BTCJPY/HybridTechnicalModel/weights/m1_k270_f90_20250428-103242,1,270,90,0.690075,0.536630,0.691889,0.532606,25,20,200,0.001,1e-05,"20, 60, 120","20, 2.0","12, 26, 9",14
results/BTCJPY/HybridTechnicalModel/weights/m1_k360_f120_20250428-103555,1,360,120,0.688541,0.543110,0.688393,0.543505,25,20,200,0.001,1e-05,"20, 60, 120","20, 2.0","12, 26, 9",14
results/BTCJPY/HybridTechnicalModel/weights/m1_k270_f90_20250428-103613,1,270,90,0.690585,0.535379,0.692462,0.534863,25,20,200,0.001,1e-05,"20, 60, 120","20, 2.0","12, 26, 9",14
results/BTCJPY/HybridTechnicalModel/weights/m1_k360_f120_20250428-103904,1,360,120,0.687980,0.548054,0.688431,0.540899,25,20,200,0.001,1e-05,"20, 60, 120","20, 2.0","12, 26, 9",14
results/BTCJPY/HybridTechnicalModel/weights/m1_k270_f90_20250428-103907,1,270,90,0.690806,0.534018,0.691885,0.536931,25,20,200,0.001,1e-05,"20, 60, 120","20, 2.0","12, 26, 9",14
results/BTCJPY/HybridTechnicalModel/weights/m1_k270_f90_20250428-104147,1,270,90,0.690021,0.537072,0.690383,0.539977,25,20,200,0.001,1e-05,"20, 60, 120","20, 2.0","12, 26, 9",14
results/BTCJPY/HybridTechnicalModel/weights/m1_k360_f120_20250428-104237,1,360,120,0.688795,0.545656,0.689552,0.539539,25,20,200,0.001,1e-05,"20, 60, 120","20, 2.0","12, 26, 9",14
results/BTCJPY/HybridTechnicalModel/weights/m1_k270_f90_20250428-104444,1,270,90,0.690669,0.535784,0.691525,0.538210,25,20,200,0.001,1e-05,"20, 60, 120","20, 2.0","12, 26, 9",14
results/BTCJPY/HybridTechnicalModel/weights/m1_k360_f120_20250428-104601,1,360,120,0.688464,0.542778,0.688586,0.536480,25,20,200,0.001,1e-05,"20, 60, 120","20, 2.0","12, 26, 9",14
results/BTCJPY/HybridTechnicalModel/weights/m1_k270_f90_20250428-104816,1,270,90,0.690901,0.534459,0.692200,0.535051,25,20,200,0.001,1e-05,"20, 60, 120","20, 2.0","12, 26, 9",14
results/BTCJPY/HybridTechnicalModel/weights/m1_k360_f120_20250428-104910,1,360,120,0.689094,0.542335,0.687568,0.544222,25,20,200,0.001,1e-05,"20, 60, 120","20, 2.0","12, 26, 9",14
results/BTCJPY/HybridTechnicalModel/weights/m1_k270_f90_20250428-105056,1,270,90,0.691049,0.535637,0.690807,0.538022,25,20,200,0.001,1e-05,"20, 60, 120","20, 2.0","12, 26, 9",14
results/BTCJPY/HybridTechnicalModel/weights/m1_k360_f120_20250428-105226,1,360,120,0.688830,0.536469,0.689221,0.535801,25,20,200,0.001,1e-05,"20, 60, 120","20, 2.0","12, 26, 9",14
results/BTCJPY/HybridTechnicalModel/weights/m1_k270_f90_20250428-105347,1,270,90,0.691146,0.536336,0.691515,0.536405,25,20,200,0.001,1e-05,"20, 60, 120","20, 2.0","12, 26, 9",14
results/BTCJPY/HybridTechnicalModel/weights/m1_k360_f120_20250428-105550,1,360,120,0.689661,0.540048,0.690045,0.537802,25,20,200,0.001,1e-05,"20, 60, 120","20, 2.0","12, 26, 9",14
results/BTCJPY/HybridTechnicalModel/weights/m1_k270_f90_20250428-105707,1,270,90,0.691458,0.535563,0.692217,0.538059,25,20,200,0.001,1e-05,"20, 60, 120","20, 2.0","12, 26, 9",14
results/BTCJPY/HybridTechnicalModel/weights/m1_k360_f120_20250428-105905,1,360,120,0.690220,0.536617,0.688937,0.539275,25,20,200,0.001,1e-05,"20, 60, 120","20, 2.0","12, 26, 9",14
results/BTCJPY/HybridTechnicalModel/weights/m1_k270_f90_20250428-110040,1,270,90,0.691873,0.533687,0.692654,0.536894,25,20,200,0.001,1e-05,"20, 60, 120","20, 2.0","12, 26, 9",14
results/BTCJPY/HybridTechnicalModel/weights/m1_k360_f120_20250428-110235,1,360,120,0.689661,0.538388,0.689670,0.538897,25,20,200,0.001,1e-05,"20, 60, 120","20, 2.0","12, 26, 9",14
results/BTCJPY/HybridTechnicalModel/weights/m1_k270_f90_20250428-110325,1,270,90,0.691537,0.534938,0.690544,0.539865,25,20,200,0.001,1e-05,"20, 60, 120","20, 2.0","12, 26, 9",14
results/BTCJPY/HybridTechnicalModel/weights/m1_k360_f120_20250428-110544,1,360,120,0.690733,0.540085,0.687686,0.544713,25,20,200,0.001,1e-05,"20, 60, 120","20, 2.0","12, 26, 9",14
results/BTCJPY/HybridTechnicalModel/weights/m1_k270_f90_20250428-110633,1,270,90,0.692257,0.532767,0.693835,0.532493,25,20,200,0.001,1e-05,"20, 60, 120","20, 2.0","12, 26, 9",14
results/BTCJPY/HybridTechnicalModel/weights/m1_k360_f120_20250428-110900,1,360,120,0.689887,0.537761,0.690714,0.529796,25,20,200,0.001,1e-05,"20, 60, 120","20, 2.0","12, 26, 9",14
results/BTCJPY/HybridTechnicalModel/weights/m1_k270_f90_20250428-110936,1,270,90,0.691708,0.536262,0.695300,0.533283,25,20,200,0.001,1e-05,"20, 60, 120","20, 2.0","12, 26, 9",14
results/BTCJPY/HybridTechnicalModel/weights/m1_k360_f120_20250428-111216,1,360,120,0.689985,0.538978,0.689422,0.536971,25,20,200,0.001,1e-05,"20, 60, 120","20, 2.0","12, 26, 9",14
results/BTCJPY/HybridTechnicalModel/weights/m1_k270_f90_20250428-111239,1,270,90,0.691814,0.536520,0.694696,0.535765,25,20,200,0.001,1e-05,"20, 60, 120","20, 2.0","12, 26, 9",14
results/BTCJPY/HybridTechnicalModel/weights/m1_k270_f90_20250428-111519,1,270,90,0.692307,0.537329,0.695251,0.534938,25,20,200,0.001,1e-05,"20, 60, 120","20, 2.0","12, 26, 9",14
results/BTCJPY/HybridTechnicalModel/weights/m1_k360_f120_20250428-111522,1,360,120,0.690918,0.541229,0.691097,0.535801,25,20,200,0.001,1e-05,"20, 60, 120","20, 2.0","12, 26, 9",14
results/BTCJPY/HybridTechnicalModel/weights/m1_k270_f90_20250428-111755,1,270,90,0.692155,0.532583,0.694127,0.534148,25,20,200,0.001,1e-05,"20, 60, 120","20, 2.0","12, 26, 9",14
results/BTCJPY/HybridTechnicalModel/weights/m1_k360_f120_20250428-111906,1,360,120,0.690580,0.534219,0.689753,0.534743,25,20,200,0.001,1e-05,"20, 60, 120","20, 2.0","12, 26, 9",14
results/BTCJPY/HybridTechnicalModel/weights/m1_k270_f90_20250428-112022,1,270,90,0.693078,0.535857,0.695230,0.531215,25,20,200,0.001,1e-05,"20, 60, 120","20, 2.0","12, 26, 9",14
results/BTCJPY/HybridTechnicalModel/weights/m1_k360_f120_20250428-112215,1,360,120,0.691200,0.533555,0.690960,0.531269,25,20,200,0.001,1e-05,"20, 60, 120","20, 2.0","12, 26, 9",14
results/BTCJPY/HybridTechnicalModel/weights/m1_k270_f90_20250428-112304,1,270,90,0.693261,0.533392,0.693784,0.533546,25,20,200,0.001,1e-05,"20, 60, 120","20, 2.0","12, 26, 9",14
results/BTCJPY/HybridTechnicalModel/weights/m1_k360_f90_20250428-234847,1,360,90,0.688546,0.544377,0.688753,0.545543,25,20,200,0.001,1e-05,"20, 60, 120","20, 2.0","12, 26, 9",14
results/BTCJPY/HybridTechnicalModel/weights/m1_k360_f90_20250428-235135,1,360,90,0.688225,0.545003,0.688283,0.546484,25,20,200,0.001,1e-05,"20, 60, 120","20, 2.0","12, 26, 9",14
results/BTCJPY/HybridTechnicalModel/weights/m1_k360_f90_20250428-235935,1,360,90,0.687738,0.546438,0.688206,0.545055,25,20,200,0.001,1e-05,"20, 60, 120","20, 2.0","12, 26, 9",14
results/BTCJPY/HybridTechnicalModel/weights/m1_k360_f90_20250429-000146,1,360,90,0.687997,0.543126,0.688310,0.543362,25,20,200,0.001,1e-05,"20, 60, 120","20, 2.0","12, 26, 9",14
results/BTCJPY/HybridTechnicalModel/weights/m1_k360_f90_20250429-000415,1,360,90,0.687705,0.546180,0.688097,0.543701,25,20,200,0.001,1e-05,"20, 60, 120","20, 2.0","12, 26, 9",14
results/BTCJPY/HybridTechnicalModel/weights/m1_k360_f90_20250429-000633,1,360,90,0.687711,0.543347,0.687913,0.546333,25,20,200,0.001,1e-05,"20, 60, 120","20, 2.0","12, 26, 9",14
results/BTCJPY/HybridTechnicalModel/weights/m1_k360_f90_20250429-001006,1,360,90,0.688167,0.544120,0.688925,0.538586,25,20,200,0.001,1e-05,"20, 60, 120","20, 2.0","12, 26, 9",14
results/BTCJPY/HybridTechnicalModel/weights/m1_k360_f180_20250429-001844,1,360,180,0.689672,0.531823,0.687916,0.551109,25,20,200,0.001,1e-05,"20, 60, 120","20, 2.0","12, 26, 9",14
results/BTCJPY/HybridTechnicalModel/weights/m1_k360_f180_20250429-002129,1,360,180,0.690108,0.531342,0.687006,0.552878,25,20,200,0.001,1e-05,"20, 60, 120","20, 2.0","12, 26, 9",14
results/BTCJPY/HybridTechnicalModel/weights/m1_k360_f180_20250429-002348,1,360,180,0.689686,0.530899,0.686765,0.543127,25,20,200,0.001,1e-05,"20, 60, 120","20, 2.0","12, 26, 9",14
results/BTCJPY/HybridTechnicalModel/weights/m1_k360_f180_20250429-002614,1,360,180,0.690253,0.529864,0.686806,0.543428,25,20,200,0.001,1e-05,"20, 60, 120","20, 2.0","12, 26, 9",14
results/BTCJPY/HybridTechnicalModel/weights/m1_k360_f180_20250429-002825,1,360,180,0.689947,0.536739,0.687384,0.549226,25,20,200,0.001,1e-05,"20, 60, 120","20, 2.0","12, 26, 9",14
results/BTCJPY/HybridTechnicalModel/weights/m1_k360_f180_20250429-003030,1,360,180,0.690398,0.529642,0.687574,0.540868,25,20,200,0.001,1e-05,"20, 60, 120","20, 2.0","12, 26, 9",14
results/BTCJPY/HybridTechnicalModel/weights/m1_k360_f180_20250429-003236,1,360,180,0.690745,0.539954,0.686507,0.549791,25,20,200,0.001,1e-05,"20, 60, 120","20, 2.0","12, 26, 9",14
results/BTCJPY/HybridTechnicalModel/weights/m1_k360_f180_20250429-003446,1,360,180,0.690320,0.538919,0.687052,0.545951,25,20,200,0.001,1e-05,"20, 60, 120","20, 2.0","12, 26, 9",14
results/BTCJPY/HybridTechnicalModel/weights/m1_k360_f180_20250429-003703,1,360,180,0.691529,0.524061,0.688609,0.534807,25,20,200,0.001,1e-05,"20, 60, 120","20, 2.0","12, 26, 9",14
results/BTCJPY/HybridTechnicalModel/weights/m1_k360_f180_20250429-003901,1,360,180,0.690997,0.533523,0.689496,0.536651,25,20,200,0.001,1e-05,"20, 60, 120","20, 2.0","12, 26, 9",14
results/BTCJPY/HybridTechnicalModel/weights/m1_k360_f180_20250429-004100,1,360,180,0.691703,0.529162,0.691676,0.525696,25,20,200,0.001,1e-05,"20, 60, 120","20, 2.0","12, 26, 9",14
results/BTCJPY/HybridTechnicalModel/weights/m1_k360_f180_20250429-004306,1,360,180,0.691170,0.530271,0.689014,0.542261,25,20,200,0.001,1e-05,"20, 60, 120","20, 2.0","12, 26, 9",14
results/BTCJPY/HybridTechnicalModel/weights/m1_k360_f180_20250429-004505,1,360,180,0.692400,0.522620,0.689190,0.541433,25,20,200,0.001,1e-05,"20, 60, 120","20, 2.0","12, 26, 9",14
results/BTCJPY/HybridTechnicalModel/weights/m1_k360_f180_20250429-004714,1,360,180,0.694043,0.533560,0.690224,0.547419,25,20,200,0.001,1e-05,"20, 60, 120","20, 2.0","12, 26, 9",14
results/BTCJPY/HybridTechnicalModel/weights/m1_k360_f180_20250429-004911,1,360,180,0.693560,0.535889,0.692305,0.534769,25,20,200,0.001,1e-05,"20, 60, 120","20, 2.0","12, 26, 9",14
results/BTCJPY/HybridTechnicalModel/weights/m1_k360_f180_20250429-005302,1,360,180,0.695076,0.524505,0.691336,0.537630,25,20,200,0.001,1e-05,"20, 60, 120","20, 2.0","12, 26, 9",14
results/BTCJPY/HybridTechnicalModel/weights/m1_k360_f180_20250429-005501,1,360,180,0.693612,0.526574,0.690293,0.532472,25,20,200,0.001,1e-05,"20, 60, 120","20, 2.0","12, 26, 9",14
results/BTCJPY/HybridTechnicalModel/weights/m1_k360_f180_20250429-005701,1,360,180,0.693322,0.522213,0.689973,0.539061,25,20,200,0.001,1e-05,"20, 60, 120","20, 2.0","12, 26, 9",14
results/BTCJPY/HybridTechnicalModel/weights/m1_k360_f180_20250429-005925,1,360,180,0.693693,0.523248,0.690371,0.535409,25,20,200,0.001,1e-05,"20, 60, 120","20, 2.0","12, 26, 9",14
results/BTCJPY/HybridTechnicalModel/weights/m1_k360_f180_20250429-010127,1,360,180,0.692381,0.522472,0.690405,0.534581,25,20,200,0.001,1e-05,"20, 60, 120","20, 2.0","12, 26, 9",14
results/BTCJPY/HybridTechnicalModel/weights/m1_k360_f180_20250429-010325,1,360,180,0.696542,0.527942,0.694946,0.528557,25,20,200,0.001,1e-05,"20, 60, 120","20, 2.0","12, 26, 9",14
results/BTCJPY/HybridTechnicalModel/weights/m1_k360_f180_20250429-010532,1,360,180,0.697938,0.515339,0.695949,0.529310,25,20,200,0.001,1e-05,"20, 60, 120","20, 2.0","12, 26, 9",14
results/BTCJPY/HybridTechnicalModel/weights/m1_k360_f180_20250429-080246,1,360,180,0.689642,0.536295,0.688113,0.552351,25,20,200,0.001,1e-05,"20, 60, 120","20, 2.0","12, 26, 9",14
results/BTCJPY/HybridTechnicalModel/weights/m1_k360_f180_20250429-080806,1,360,180,0.689475,0.534780,0.687546,0.551523,25,20,200,0.001,1e-05,"20, 60, 120","20, 2.0","12, 26, 9",14
results/BTCJPY/HybridTechnicalModel/weights/m1_k360_f180_20250429-081102,1,360,180,0.689408,0.536997,0.687528,0.549189,25,20,200,0.001,1e-05,"20, 60, 120","20, 2.0","12, 26, 9",14
results/BTCJPY/HybridTechnicalModel/weights/m1_k360_f180_20250429-081307,1,360,180,0.689117,0.533893,0.686465,0.551297,25,20,200,0.001,1e-05,"20, 60, 120","20, 2.0","12, 26, 9",14
results/BTCJPY/HybridTechnicalModel/weights/m1_k360_f180_20250429-081510,1,360,180,0.689547,0.537293,0.685491,0.554987,25,20,200,0.001,1e-05,"20, 60, 120","20, 2.0","12, 26, 9",14
results/BTCJPY/HybridTechnicalModel/weights/m1_k360_f180_20250429-081733,1,360,180,0.689662,0.535778,0.687771,0.547683,25,20,200,0.001,1e-05,"20, 60, 120","20, 2.0","12, 26, 9",14
results/BTCJPY/HybridTechnicalModel/weights/m1_k360_f180_20250429-082003,1,360,180,0.689374,0.533782,0.687016,0.547494,25,20,200,0.001,1e-05,"20, 60, 120","20, 2.0","12, 26, 9",14
results/BTCJPY/HybridTechnicalModel/weights/m1_k360_f180_20250429-082215,1,360,180,0.689792,0.533153,0.686052,0.551523,25,20,200,0.001,1e-05,"20, 60, 120","20, 2.0","12, 26, 9",14
results/BTCJPY/HybridTechnicalModel/weights/m1_k360_f180_20250429-082420,1,360,180,0.690480,0.524172,0.690608,0.526524,25,20,200,0.001,1e-05,"20, 60, 120","20, 2.0","12, 26, 9",14
results/BTCJPY/HybridTechnicalModel/weights/m1_k360_f180_20250429-082629,1,360,180,0.689966,0.526981,0.688356,0.535371,25,20,200,0.001,1e-05,"20, 60, 120","20, 2.0","12, 26, 9",14
results/BTCJPY/HybridTechnicalModel/weights/m1_k360_f180_20250429-082846,1,360,180,0.690429,0.528866,0.689160,0.537103,25,20,200,0.001,1e-05,"20, 60, 120","20, 2.0","12, 26, 9",14
results/BTCJPY/HybridTechnicalModel/weights/m1_k360_f180_20250429-083116,1,360,180,0.690728,0.530899,0.689037,0.537480,25,20,200,0.001,1e-05,"20, 60, 120","20, 2.0","12, 26, 9",14
results/BTCJPY/HybridTechnicalModel/weights/m1_k360_f180_20250429-083326,1,360,180,0.689769,0.532747,0.688831,0.537480,25,20,200,0.001,1e-05,"20, 60, 120","20, 2.0","12, 26, 9",14
results/BTCJPY/HybridTechnicalModel/weights/m1_k360_f180_20250429-083748,1,360,180,0.692201,0.530677,0.690817,0.528858,25,20,200,0.001,1e-05,"20, 60, 120","20, 2.0","12, 26, 9",14
results/BTCJPY/HybridTechnicalModel/weights/m1_k360_f90_20250429-084827,1,360,90,0.689339,0.536061,0.688359,0.548665,25,20,200,0.001,1e-05,"20, 60, 120","20, 2.0","12, 26, 9",14
results/BTCJPY/HybridTechnicalModel/weights/m1_k360_f90_20250429-085134,1,360,90,0.689092,0.536871,0.687780,0.548402,25,20,200,0.001,1e-05,"20, 60, 120","20, 2.0","12, 26, 9",14
results/BTCJPY/HybridTechnicalModel/weights/m1_k360_f90_20250429-085402,1,360,90,0.688848,0.540183,0.686592,0.552651,25,20,200,0.001,1e-05,"20, 60, 120","20, 2.0","12, 26, 9",14
results/BTCJPY/HybridTechnicalModel/weights/m1_k360_f90_20250429-085713,1,360,90,0.689033,0.537717,0.688051,0.545393,25,20,200,0.001,1e-05,"20, 60, 120","20, 2.0","12, 26, 9",14
results/BTCJPY/HybridTechnicalModel/weights/m1_k360_f90_20250429-090002,1,360,90,0.688688,0.535840,0.687525,0.545882,25,20,200,0.001,1e-05,"20, 60, 120","20, 2.0","12, 26, 9",14
results/BTCJPY/HybridTechnicalModel/weights/m1_k360_f90_20250429-090341,1,360,90,0.689176,0.534442,0.688437,0.539526,25,20,200,0.001,1e-05,"20, 60, 120","20, 2.0","12, 26, 9",14
results/BTCJPY/HybridTechnicalModel/weights/m1_k360_f90_20250429-090627,1,360,90,0.689317,0.535546,0.689059,0.536781,25,20,200,0.001,1e-05,"20, 60, 120","20, 2.0","12, 26, 9",14
results/BTCJPY/HybridTechnicalModel/weights/m1_k360_f90_20250429-090843,1,360,90,0.688824,0.535325,0.688682,0.540692,25,20,200,0.001,1e-05,"20, 60, 120","20, 2.0","12, 26, 9",14
results/BTCJPY/HybridTechnicalModel/weights/m1_k360_f90_20250429-091134,1,360,90,0.689791,0.534737,0.689222,0.538586,25,20,200,0.001,1e-05,"20, 60, 120","20, 2.0","12, 26, 9",14
results/BTCJPY/HybridTechnicalModel/weights/m1_k360_f90_20250429-091413,1,360,90,0.689815,0.536797,0.689888,0.539526,25,20,200,0.001,1e-05,"20, 60, 120","20, 2.0","12, 26, 9",14
results/BTCJPY/HybridTechnicalModel/weights/m1_k360_f90_20250429-091623,1,360,90,0.689664,0.537239,0.688898,0.538473,25,20,200,0.001,1e-05,"20, 60, 120","20, 2.0","12, 26, 9",14
results/BTCJPY/HybridTechnicalModel/weights/m1_k360_f240_20250429-114136,1,360,240,0.689943,0.533982,0.689325,0.544357,25,20,200,0.001,1e-05,"20, 60, 120","20, 2.0","12, 26, 9",14
results/BTCJPY/HybridTechnicalModel/weights/m1_k360_f240_20250429-114415,1,360,240,0.689271,0.531615,0.687847,0.540085,25,20,200,0.001,1e-05,"20, 60, 120","20, 2.0","12, 26, 9",14
results/BTCJPY/HybridTechnicalModel/weights/m1_k360_f240_20250429-114628,1,360,240,0.690358,0.530210,0.689950,0.533451,25,20,200,0.001,1e-05,"20, 60, 120","20, 2.0","12, 26, 9",14
results/BTCJPY/HybridTechnicalModel/weights/m1_k360_f240_20250429-114844,1,360,240,0.689206,0.534204,0.687735,0.546269,25,20,200,0.001,1e-05,"20, 60, 120","20, 2.0","12, 26, 9",14
results/BTCJPY/HybridTechnicalModel/weights/m1_k360_f240_20250429-115047,1,360,240,0.690678,0.528842,0.689139,0.539935,25,20,200,0.001,1e-05,"20, 60, 120","20, 2.0","12, 26, 9",14
results/BTCJPY/HybridTechnicalModel/weights/m1_k360_f240_20250429-115251,1,360,240,0.690399,0.531689,0.688704,0.538698,25,20,200,0.001,1e-05,"20, 60, 120","20, 2.0","12, 26, 9",14
results/BTCJPY/HybridTechnicalModel/weights/m1_k360_f240_20250429-115517,1,360,240,0.691309,0.522852,0.689257,0.531127,25,20,200,0.001,1e-05,"20, 60, 120","20, 2.0","12, 26, 9",14
results/BTCJPY/HybridTechnicalModel/weights/m1_k360_f240_20250429-115719,1,360,240,0.692199,0.511130,0.691255,0.518684,25,20,200,0.001,1e-05,"20, 60, 120","20, 2.0","12, 26, 9",14
results/BTCJPY/HybridTechnicalModel/weights/m1_k360_f240_20250429-115930,1,360,240,0.692123,0.515013,0.690109,0.529290,25,20,200,0.001,1e-05,"20, 60, 120","20, 2.0","12, 26, 9",14
results/BTCJPY/HybridTechnicalModel/weights/m2_k360_f120_20250429-121402,2,360,120,0.689637,0.536264,0.689604,0.541017,25,20,200,0.001,1e-05,"20, 60, 120","20, 2.0","12, 26, 9",14
results/BTCJPY/HybridTechnicalModel/weights/m2_k360_f120_20250429-121531,2,360,120,0.689618,0.537670,0.689687,0.540942,25,20,200,0.001,1e-05,"20, 60, 120","20, 2.0","12, 26, 9",14
results/BTCJPY/HybridTechnicalModel/weights/m2_k360_f120_20250429-121641,2,360,120,0.689259,0.538410,0.690622,0.541167,25,20,200,0.001,1e-05,"20, 60, 120","20, 2.0","12, 26, 9",14
results/BTCJPY/HybridTechnicalModel/weights/m2_k360_f120_20250429-121803,2,360,120,0.688567,0.541075,0.691692,0.532169,25,20,200,0.001,1e-05,"20, 60, 120","20, 2.0","12, 26, 9",14
results/BTCJPY/HybridTechnicalModel/weights/m2_k360_f120_20250429-121915,2,360,120,0.687877,0.538262,0.691590,0.531044,25,20,200,0.001,1e-05,"20, 60, 120","20, 2.0","12, 26, 9",14
results/BTCJPY/HybridTechnicalModel/weights/m2_k360_f120_20250429-122028,2,360,120,0.687059,0.538854,0.690009,0.541242,25,20,200,0.001,1e-05,"20, 60, 120","20, 2.0","12, 26, 9",14
results/BTCJPY/HybridTechnicalModel/weights/m2_k360_f120_20250429-122133,2,360,120,0.686092,0.552250,0.691849,0.543641,25,20,200,0.001,1e-05,"20, 60, 120","20, 2.0","12, 26, 9",14
results/BTCJPY/HybridTechnicalModel/weights/m2_k360_f120_20250429-122246,2,360,120,0.687940,0.537596,0.692569,0.531194,25,20,200,0.001,1e-05,"20, 60, 120","20, 2.0","12, 26, 9",14
results/BTCJPY/HybridTechnicalModel/weights/m2_k360_f120_20250429-122400,2,360,120,0.688159,0.540335,0.694000,0.530969,25,20,200,0.001,1e-05,"20, 60, 120","20, 2.0","12, 26, 9",14
results/BTCJPY/HybridTechnicalModel/weights/m2_k360_f120_20250429-122503,2,360,120,0.688948,0.538706,0.691791,0.534043,25,20,200,0.001,1e-05,"20, 60, 120","20, 2.0","12, 26, 9",14
results/BTCJPY/HybridTechnicalModel/weights/m2_k360_f120_20250429-122608,2,360,120,0.689199,0.537300,0.693943,0.523545,25,20,200,0.001,1e-05,"20, 60, 120","20, 2.0","12, 26, 9",14
results/BTCJPY/HybridTechnicalModel/weights/m2_k360_f240_20250429-123346,2,360,240,0.692498,0.519903,0.693128,0.513458,25,20,200,0.001,1e-05,"20, 60, 120","20, 2.0","12, 26, 9",14
results/BTCJPY/HybridTechnicalModel/weights/m2_k360_f240_20250429-123517,2,360,240,0.691637,0.530057,0.692901,0.525699,25,20,200,0.001,1e-05,"20, 60, 120","20, 2.0","12, 26, 9",14
results/BTCJPY/HybridTechnicalModel/weights/m2_k360_f240_20250429-123641,2,360,240,0.691099,0.531234,0.694252,0.512352,25,20,200,0.001,1e-05,"20, 60, 120","20, 2.0","12, 26, 9",14
results/BTCJPY/HybridTechnicalModel/weights/m2_k360_f240_20250429-123744,2,360,240,0.691824,0.529027,0.693569,0.517145,25,20,200,0.001,1e-05,"20, 60, 120","20, 2.0","12, 26, 9",14
results/BTCJPY/HybridTechnicalModel/weights/m2_k360_f240_20250429-123849,2,360,240,0.691220,0.523950,0.693948,0.518693,25,20,200,0.001,1e-05,"20, 60, 120","20, 2.0","12, 26, 9",14
results/BTCJPY/HybridTechnicalModel/weights/m2_k360_f240_20250429-124002,2,360,240,0.691842,0.517548,0.694768,0.503429,25,20,200,0.001,1e-05,"20, 60, 120","20, 2.0","12, 26, 9",14
results/BTCJPY/HybridTechnicalModel/weights/m2_k360_f240_20250429-124125,2,360,240,0.691959,0.526304,0.696287,0.510803,25,20,200,0.001,1e-05,"20, 60, 120","20, 2.0","12, 26, 9",14
results/BTCJPY/HybridTechnicalModel/weights/m2_k360_f240_20250429-124237,2,360,240,0.692509,0.519167,0.698514,0.505346,25,20,200,0.001,1e-05,"20, 60, 120","20, 2.0","12, 26, 9",14
results/BTCJPY/HybridTechnicalModel/weights/m2_k360_f240_20250429-124348,2,360,240,0.691678,0.523067,0.700041,0.497087,25,20,200,0.001,1e-05,"20, 60, 120","20, 2.0","12, 26, 9",14
results/BTCJPY/HybridTechnicalModel/weights/m2_k360_f90_20250429-125722,2,360,90,0.690353,0.538041,0.690528,0.537245,25,20,200,0.001,1e-05,"20, 60, 120","20, 2.0","12, 26, 9",14
results/BTCJPY/HybridTechnicalModel/weights/m2_k360_f90_20250429-125827,2,360,90,0.688794,0.546470,0.689694,0.535513,25,20,200,0.001,1e-05,"20, 60, 120","20, 2.0","12, 26, 9",14
results/BTCJPY/HybridTechnicalModel/weights/m2_k360_f90_20250429-130149,2,360,90,0.689073,0.542255,0.691326,0.531596,25,20,200,0.001,1e-05,"20, 60, 120","20, 2.0","12, 26, 9",14
results/BTCJPY/HybridTechnicalModel/weights/m2_k360_f90_20250429-130302,2,360,90,0.688552,0.537893,0.691009,0.531521,25,20,200,0.001,1e-05,"20, 60, 120","20, 2.0","12, 26, 9",14
results/BTCJPY/HybridTechnicalModel/weights/m2_k360_f90_20250429-130405,2,360,90,0.688736,0.533457,0.690376,0.533780,25,20,200,0.001,1e-05,"20, 60, 120","20, 2.0","12, 26, 9",14
results/BTCJPY/HybridTechnicalModel/weights/m2_k360_f90_20250429-130521,2,360,90,0.687869,0.545287,0.689845,0.530768,25,20,200,0.001,1e-05,"20, 60, 120","20, 2.0","12, 26, 9",14
results/BTCJPY/HybridTechnicalModel/weights/m2_k360_f90_20250429-130637,2,360,90,0.689377,0.535527,0.692573,0.524365,25,20,200,0.001,1e-05,"20, 60, 120","20, 2.0","12, 26, 9",14
results/BTCJPY/HybridTechnicalModel/weights/m2_k360_f90_20250429-130740,2,360,90,0.689102,0.540998,0.690209,0.532726,25,20,200,0.001,1e-05,"20, 60, 120","20, 2.0","12, 26, 9",14
results/BTCJPY/HybridTechnicalModel/weights/m2_k360_f90_20250429-130846,2,360,90,0.688757,0.544695,0.691542,0.532575,25,20,200,0.001,1e-05,"20, 60, 120","20, 2.0","12, 26, 9",14
results/BTCJPY/HybridTechnicalModel/weights/m2_k360_f90_20250429-131013,2,360,90,0.689001,0.536488,0.692229,0.526926,25,20,200,0.001,1e-05,"20, 60, 120","20, 2.0","12, 26, 9",14
results/BTCJPY/HybridTechnicalModel/weights/m2_k360_f90_20250429-131126,2,360,90,0.689589,0.535157,0.692819,0.524139,25,20,200,0.001,1e-05,"20, 60, 120","20, 2.0","12, 26, 9",14
results/BTCJPY/HybridTechnicalModel/weights/m2_k360_f90_20250429-131229,2,360,90,0.688694,0.543364,0.692721,0.530542,25,20,200,0.001,1e-05,"20, 60, 120","20, 2.0","12, 26, 9",14
results/BTCJPY/HybridTechnicalModel/weights/m2_k360_f90_20250429-131356,2,360,90,0.690167,0.536784,0.693966,0.523386,25,20,200,0.001,1e-05,"20, 60, 120","20, 2.0","12, 26, 9",14
results/BTCJPY/HybridTechnicalModel/weights/m2_k360_f90_20250429-131505,2,360,90,0.689336,0.540628,0.693587,0.523688,25,20,200,0.001,1e-05,"20, 60, 120","20, 2.0","12, 26, 9",14
results/BTCJPY/HybridTechnicalModel/weights/m2_k360_f90_20250429-131613,2,360,90,0.690046,0.541220,0.694238,0.531596,25,20,200,0.001,1e-05,"20, 60, 120","20, 2.0","12, 26, 9",14
results/BTCJPY/HybridTechnicalModel/weights/m2_k360_f90_20250429-131730,2,360,90,0.690013,0.537449,0.694886,0.523386,25,20,200,0.001,1e-05,"20, 60, 120","20, 2.0","12, 26, 9",14
results/BTCJPY/HybridTechnicalModel/weights/m2_k360_f90_20250429-131853,2,360,90,0.690207,0.537671,0.694510,0.523085,25,20,200,0.001,1e-05,"20, 60, 120","20, 2.0","12, 26, 9",14
results/BTCJPY/HybridTechnicalModel/weights/m2_k360_f90_20250429-131955,2,360,90,0.691410,0.537375,0.696303,0.524290,25,20,200,0.001,1e-05,"20, 60, 120","20, 2.0","12, 26, 9",14
results/BTCJPY/HybridTechnicalModel/weights/m2_k360_f90_20250429-132122,2,360,90,0.690912,0.538706,0.695264,0.523386,25,20,200,0.001,1e-05,"20, 60, 120","20, 2.0","12, 26, 9",14
results/BTCJPY/HybridTechnicalModel/weights/m2_k360_f90_20250429-132242,2,360,90,0.690951,0.536118,0.697561,0.518114,25,20,200,0.001,1e-05,"20, 60, 120","20, 2.0","12, 26, 9",14
results/BTCJPY/HybridTechnicalModel/weights/m2_k360_f90_20250429-132343,2,360,90,0.691265,0.538780,0.696027,0.527529,25,20,200,0.001,1e-05,"20, 60, 120","20, 2.0","12, 26, 9",14
results/BTCJPY/HybridTechnicalModel/weights/m2_k360_f90_20250429-132446,2,360,90,0.691701,0.536192,0.697695,0.522708,25,20,200,0.001,1e-05,"20, 60, 120","20, 2.0","12, 26, 9",14
results/BTCJPY/HybridTechnicalModel/weights/m2_k360_f90_20250429-132612,2,360,90,0.692879,0.535453,0.697985,0.526926,25,20,200,0.001,1e-05,"20, 60, 120","20, 2.0","12, 26, 9",14
results/BTCJPY/HybridTechnicalModel/weights/m2_k360_f90_20250429-132721,2,360,90,0.693514,0.534196,0.696145,0.525495,25,20,200,0.001,1e-05,"20, 60, 120","20, 2.0","12, 26, 9",14
results/BTCJPY/HybridTechnicalModel/weights/m2_k360_f90_20250429-132846,2,360,90,0.693696,0.534048,0.699513,0.519545,25,20,200,0.001,1e-05,"20, 60, 120","20, 2.0","12, 26, 9",14
results/BTCJPY/HybridTechnicalModel/weights/m2_k360_f90_20250429-132954,2,360,90,0.692537,0.538706,0.697481,0.522633,25,20,200,0.001,1e-05,"20, 60, 120","20, 2.0","12, 26, 9",14
results/BTCJPY/HybridTechnicalModel/weights/m2_k360_f90_20250429-133109,2,360,90,0.694602,0.532126,0.699919,0.519545,25,20,200,0.001,1e-05,"20, 60, 120","20, 2.0","12, 26, 9",14
results/BTCJPY/HybridTechnicalModel/weights/m2_k360_f90_20250429-133215,2,360,90,0.693748,0.532052,0.699693,0.514649,25,20,200,0.001,1e-05,"20, 60, 120","20, 2.0","12, 26, 9",14
results/BTCJPY/HybridTechnicalModel/weights/m2_k360_f90_20250429-133326,2,360,90,0.693718,0.531830,0.698158,0.516457,25,20,200,0.001,1e-05,"20, 60, 120","20, 2.0","12, 26, 9",14
results/BTCJPY/HybridTechnicalModel/weights/m2_k360_f90_20250429-133432,2,360,90,0.694134,0.535970,0.702266,0.526776,25,20,200,0.001,1e-05,"20, 60, 120","20, 2.0","12, 26, 9",14
results/BTCJPY/HybridTechnicalModel/weights/m2_k360_f90_20250429-133542,2,360,90,0.694036,0.533087,0.702039,0.517361,25,20,200,0.001,1e-05,"20, 60, 120","20, 2.0","12, 26, 9",14
results/BTCJPY/HybridTechnicalModel/weights/m2_k360_f90_20250429-133644,2,360,90,0.697277,0.523845,0.699812,0.520072,25,20,200,0.001,1e-05,"20, 60, 120","20, 2.0","12, 26, 9",14
results/BTCJPY/HybridTechnicalModel/weights/m2_k360_f90_20250429-133754,2,360,90,0.695790,0.527689,0.702517,0.514875,25,20,200,0.001,1e-05,"20, 60, 120","20, 2.0","12, 26, 9",14
results/BTCJPY/HybridTechnicalModel/weights/m2_k360_f90_20250429-133902,2,360,90,0.694674,0.534492,0.703456,0.514725,25,20,200,0.001,1e-05,"20, 60, 120","20, 2.0","12, 26, 9",14
results/BTCJPY/HybridTechnicalModel/weights/m2_k360_f90_20250429-134006,2,360,90,0.695702,0.533457,0.700499,0.517662,25,20,200,0.001,1e-05,"20, 60, 120","20, 2.0","12, 26, 9",14
results/BTCJPY/HybridTechnicalModel/weights/m2_k360_f90_20250429-134115,2,360,90,0.696594,0.532939,0.705587,0.515177,25,20,200,0.001,1e-05,"20, 60, 120","20, 2.0","12, 26, 9",14
results/BTCJPY/HybridTechnicalModel/weights/m2_k360_f90_20250429-134220,2,360,90,0.695810,0.535675,0.703790,0.520072,25,20,200,0.001,1e-05,"20, 60, 120","20, 2.0","12, 26, 9",14
results/BTCJPY/HybridTechnicalModel/weights/m2_k360_f90_20250429-134326,2,360,90,0.693708,0.528872,0.697255,0.522784,25,20,200,0.001,1e-05,"20, 60, 120","20, 2.0","12, 26, 9",14
results/BTCJPY/HybridTechnicalModel/weights/m3_k360_f90_20250429-223932,3,360,90,0.691743,0.517742,0.690537,0.516129,25,20,200,0.001,1e-05,"20, 60, 120","20, 2.0","12, 26, 9",14
results/BTCJPY/HybridTechnicalModel/weights/m3_k360_f90_20250429-224021,3,360,90,0.691830,0.527449,0.692261,0.525121,25,20,200,0.001,1e-05,"20, 60, 120","20, 2.0","12, 26, 9",14
